merchant_id,merchant_name,join_date,city_id,item_id,cuisine_tag,item_name,item_price,order_id,order_time,driver_arrival_time,driver_pickup_time,delivery_time,order_value,eater_id
0e1f9,Dim Sum Delight,13122021,2,304,Chinese,Steamed BBQ Pork Buns,4.75,e9bcadfd4,2023-11-22 08:19:00,2023-11-22 08:24:00,2023-11-22 08:33:00,2023-11-22 08:58:00,21.55,8025402846
0e1f9,Dim Sum Delight,13122021,2,304,Chinese,Steamed BBQ Pork Buns,4.75,2a6e6941a,2023-05-16 22:11:00,2023-05-16 22:31:00,2023-05-16 22:38:00,2023-05-16 22:52:00,1278.58,2254598979
0e1f9,Dim Sum Delight,13122021,2,113,Chinese,Pork Siu Mai,5.0,b67fefd2f,2023-03-06 14:48:00,2023-03-06 15:00:00,2023-03-06 15:02:00,2023-03-06 15:26:00,17.6,9770973703
0e1f9,Dim Sum Delight,13122021,2,114,Dessert,Mango Pudding,3.5,8c308bb8f,2023-05-22 18:24:00,2023-05-22 18:29:00,2023-05-22 18:33:00,2023-05-22 18:53:00,29.13,4586576645
0e1f9,Dim Sum Delight,13122021,2,113,Chinese,Pork Siu Mai,5.0,3e5146792,2023-10-10 06:05:00,2023-10-10 06:17:00,2023-10-10 06:19:00,2023-10-10 06:47:00,22.19,7367858967
0e1f9,Dim Sum Delight,13122021,2,113,Chinese,Pork Siu Mai,5.0,cdafda12d,2023-04-14 15:26:00,2023-04-14 15:40:00,2023-04-14 15:47:00,2023-04-14 16:16:00,713.81,1797698247
0e1f9,Dim Sum Delight,13122021,2,114,Dessert,Mango Pudding,3.5,f23b4e14f,2023-08-01 08:03:00,2023-08-01 08:10:00,2023-08-01 08:16:00,2023-08-01 08:26:00,28.01,7115699437
0e1f9,Dim Sum Delight,13122021,2,304,Chinese,Steamed BBQ Pork Buns,4.75,8bfff4223,2023-06-19 07:56:00,2023-06-19 08:16:00,2023-06-19 08:20:00,2023-06-19 08:45:00,1549.03,3689085746
0e1f9,Dim Sum Delight,13122021,2,113,Chinese,Pork Siu Mai,5.0,e4fb5db4e,2023-02-03 06:55:00,2023-02-03 07:01:00,2023-02-03 07:11:00,2023-02-03 07:30:00,61.26,5263692592
0e1f9,Dim Sum Delight,13122021,2,113,Chinese,Pork Siu Mai,5.0,f02d4a78a,2023-02-16 15:27:00,2023-02-16 15:33:00,2023-02-16 15:42:00,2023-02-16 15:58:00,879.56,6715632076
0e1f9,Dim Sum Delight,13122021,2,113,Chinese,Pork Siu Mai,5.0,a0d574239,2023-05-05 21:50:00,2023-05-05 22:05:00,2023-05-05 22:15:00,2023-05-05 22:25:00,25.34,9688683451
0e1f9,Dim Sum Delight,13122021,2,113,Chinese,Pork Siu Mai,5.0,011a3231d,2023-04-12 13:31:00,2023-04-12 13:44:00,2023-04-12 13:49:00,2023-04-12 14:18:00,40.22,1048628469
0e1f9,Dim Sum Delight,13122021,2,304,Chinese,Steamed BBQ Pork Buns,4.75,79411db46,2023-05-07 13:47:00,2023-05-07 13:56:00,2023-05-07 14:01:00,2023-05-07 14:13:00,494.19,2907616288
0e1f9,Dim Sum Delight,13122021,2,114,Dessert,Mango Pudding,3.5,dfdb50d8f,2023-03-18 10:16:00,2023-03-18 10:33:00,2023-03-18 10:38:00,2023-03-18 10:59:00,1045.34,1857506824
0e1f9,Dim Sum Delight,13122021,2,138,Chinese,Shrimp Har Gow,5.5,ed1832c88,2023-02-07 11:54:00,2023-02-07 12:02:00,2023-02-07 12:06:00,2023-02-07 12:28:00,760.83,6881003781
0e1f9,Dim Sum Delight,13122021,2,138,Chinese,Shrimp Har Gow,5.5,e3c558b63,2023-08-15 11:49:00,2023-08-15 12:07:00,2023-08-15 12:13:00,2023-08-15 12:32:00,48.93,6690645397
0e1f9,Dim Sum Delight,13122021,2,113,Chinese,Pork Siu Mai,5.0,27b04dd44,2023-02-28 16:03:00,2023-02-28 16:15:00,2023-02-28 16:21:00,2023-02-28 16:41:00,31.4,4493045926
0e1f9,Dim Sum Delight,13122021,2,113,Chinese,Pork Siu Mai,5.0,8db041157,2023-10-13 12:36:00,2023-10-13 12:54:00,2023-10-13 13:03:00,2023-10-13 13:19:00,1178.19,1964087467
0e1f9,Dim Sum Delight,13122021,2,114,Dessert,Mango Pudding,3.5,c8841bf1a,2023-12-28 19:15:00,2023-12-28 19:21:00,2023-12-28 19:26:00,2023-12-28 19:43:00,30.5,9957388484
0e1f9,Dim Sum Delight,13122021,2,138,Chinese,Shrimp Har Gow,5.5,ab4d4b498,2023-07-10 18:07:00,2023-07-10 18:21:00,2023-07-10 18:31:00,2023-07-10 18:45:00,38.26,6563864751
0e1f9,Dim Sum Delight,13122021,2,114,Dessert,Mango Pudding,3.5,d7333e99d,2023-01-02 18:41:00,2023-01-02 18:58:00,2023-01-02 19:00:00,2023-01-02 19:15:00,12.31,2136075322
0e1f9,Dim Sum Delight,13122021,2,114,Dessert,Mango Pudding,3.5,ce5c1e1d3,2023-06-28 07:09:00,2023-06-28 07:14:00,2023-06-28 07:24:00,2023-06-28 07:54:00,52.57,2339114490
0e1f9,Dim Sum Delight,13122021,2,138,Chinese,Shrimp Har Gow,5.5,bb478489f,2023-12-21 11:37:00,2023-12-21 11:55:00,2023-12-21 11:58:00,2023-12-21 12:13:00,23.49,5697647851
0e1f9,Dim Sum Delight,13122021,2,138,Chinese,Shrimp Har Gow,5.5,d1d0cdf87,2023-02-16 08:42:00,2023-02-16 08:56:00,2023-02-16 09:03:00,2023-02-16 09:23:00,26.5,6145351968
0e1f9,Dim Sum Delight,13122021,2,113,Chinese,Pork Siu Mai,5.0,da665e275,2023-02-20 13:10:00,2023-02-20 13:30:00,2023-02-20 13:36:00,2023-02-20 14:01:00,44.1,7301987572
0e1f9,Dim Sum Delight,13122021,2,113,Chinese,Pork Siu Mai,5.0,80f883719,2023-11-07 13:10:00,2023-11-07 13:17:00,2023-11-07 13:21:00,2023-11-07 13:40:00,30.72,1419990088
0e1f9,Dim Sum Delight,13122021,2,304,Chinese,Steamed BBQ Pork Buns,4.75,118043f68,2023-01-02 20:10:00,2023-01-02 20:23:00,2023-01-02 20:31:00,2023-01-02 20:50:00,18.1,4008380956
0e1f9,Dim Sum Delight,13122021,2,138,Chinese,Shrimp Har Gow,5.5,8a3114e8a,2023-11-09 12:05:00,2023-11-09 12:24:00,2023-11-09 12:28:00,2023-11-09 12:48:00,48.04,5174435031
0e1f9,Dim Sum Delight,13122021,2,114,Dessert,Mango Pudding,3.5,8071f5d6a,2023-06-24 22:46:00,2023-06-24 23:04:00,2023-06-24 23:12:00,2023-06-24 23:33:00,46.18,9678098443
0e1f9,Dim Sum Delight,13122021,2,138,Chinese,Shrimp Har Gow,5.5,69d44b6ea,2023-03-28 11:33:00,2023-03-28 11:48:00,2023-03-28 11:55:00,2023-03-28 12:19:00,49.61,9796675258
0e1f9,Dim Sum Delight,13122021,2,113,Chinese,Pork Siu Mai,5.0,3cb5f9b7a,2023-12-18 10:39:00,2023-12-18 10:44:00,2023-12-18 10:52:00,2023-12-18 11:17:00,30.61,8335748985
0e1f9,Dim Sum Delight,13122021,2,114,Dessert,Mango Pudding,3.5,f7e07bd80,2023-09-16 19:38:00,2023-09-16 19:46:00,2023-09-16 19:51:00,2023-09-16 20:03:00,29.35,2026664860
0e1f9,Dim Sum Delight,13122021,2,304,Chinese,Steamed BBQ Pork Buns,4.75,a4ace0e27,2023-05-23 06:07:00,2023-05-23 06:25:00,2023-05-23 06:34:00,2023-05-23 06:57:00,17.01,4559137590
0e1f9,Dim Sum Delight,13122021,2,138,Chinese,Shrimp Har Gow,5.5,a4bdc18d6,2023-12-09 15:47:00,2023-12-09 15:53:00,2023-12-09 15:58:00,2023-12-09 16:10:00,14.07,5012392909
0e1f9,Dim Sum Delight,13122021,2,113,Chinese,Pork Siu Mai,5.0,d3ea0e6d4,2023-02-14 08:11:00,2023-02-14 08:23:00,2023-02-14 08:33:00,2023-02-14 08:51:00,22.21,4849640487
0e1f9,Dim Sum Delight,13122021,2,113,Chinese,Pork Siu Mai,5.0,b8be54840,2023-07-23 20:50:00,2023-07-23 21:06:00,2023-07-23 21:09:00,2023-07-23 21:25:00,11.77,6336179882
0e1f9,Dim Sum Delight,13122021,2,113,Chinese,Pork Siu Mai,5.0,804042f3e,2023-04-02 20:59:00,2023-04-02 21:19:00,2023-04-02 21:22:00,2023-04-02 21:47:00,13.12,2305609360
0e1f9,Dim Sum Delight,13122021,2,138,Chinese,Shrimp Har Gow,5.5,c9596efe4,2023-07-06 08:30:00,2023-07-06 08:40:00,2023-07-06 08:44:00,2023-07-06 09:12:00,1665.0,2048873601
0e1f9,Dim Sum Delight,13122021,2,114,Dessert,Mango Pudding,3.5,788a34843,2023-11-24 07:50:00,2023-11-24 08:10:00,2023-11-24 08:20:00,2023-11-24 08:44:00,11.3,2437233974
0e1f9,Dim Sum Delight,13122021,2,138,Chinese,Shrimp Har Gow,5.5,97361855b,2023-06-08 08:26:00,2023-06-08 08:35:00,2023-06-08 08:44:00,2023-06-08 08:59:00,43.92,1363160330
0e1f9,Dim Sum Delight,13122021,2,114,Dessert,Mango Pudding,3.5,aa94e7463,2023-02-11 06:12:00,2023-02-11 06:24:00,2023-02-11 06:33:00,2023-02-11 06:48:00,18.02,2312557096
0e1f9,Dim Sum Delight,13122021,2,304,Chinese,Steamed BBQ Pork Buns,4.75,6b6c6799f,2023-12-06 13:37:00,2023-12-06 13:55:00,2023-12-06 14:04:00,2023-12-06 14:21:00,26.91,6005117278
0e1f9,Dim Sum Delight,13122021,2,114,Dessert,Mango Pudding,3.5,6d183f5fb,2023-11-02 06:52:00,2023-11-02 06:58:00,2023-11-02 07:04:00,2023-11-02 07:31:00,51.39,5973230088
0e1f9,Dim Sum Delight,13122021,2,113,Chinese,Pork Siu Mai,5.0,68ed972e9,2023-08-18 13:44:00,2023-08-18 13:58:00,2023-08-18 14:07:00,2023-08-18 14:23:00,33.01,1022571700
0e1f9,Dim Sum Delight,13122021,2,114,Dessert,Mango Pudding,3.5,9b4e4aef8,2023-04-16 21:44:00,2023-04-16 21:57:00,2023-04-16 22:05:00,2023-04-16 22:35:00,435.11,3250887137
0e1f9,Dim Sum Delight,13122021,2,113,Chinese,Pork Siu Mai,5.0,01f588539,2023-09-15 14:44:00,2023-09-15 14:49:00,2023-09-15 14:56:00,2023-09-15 15:21:00,31.92,5779311690
0e1f9,Dim Sum Delight,13122021,2,138,Chinese,Shrimp Har Gow,5.5,a5ada4849,2023-12-01 17:19:00,2023-12-01 17:38:00,2023-12-01 17:41:00,2023-12-01 18:08:00,16.44,8123847036
0e1f9,Dim Sum Delight,13122021,2,114,Dessert,Mango Pudding,3.5,89332cdfe,2023-08-18 21:24:00,2023-08-18 21:41:00,2023-08-18 21:43:00,2023-08-18 22:07:00,17.97,9369884513
0e1f9,Dim Sum Delight,13122021,2,304,Chinese,Steamed BBQ Pork Buns,4.75,16ca76704,2023-07-26 21:52:00,2023-07-26 22:00:00,2023-07-26 22:10:00,2023-07-26 22:37:00,1234.8,3187905998
0e1f9,Dim Sum Delight,13122021,2,113,Chinese,Pork Siu Mai,5.0,bdfb2b5f1,2023-01-19 09:59:00,2023-01-19 10:04:00,2023-01-19 10:13:00,2023-01-19 10:34:00,1068.67,7963151646
0e1f9,Dim Sum Delight,13122021,2,304,Chinese,Steamed BBQ Pork Buns,4.75,0611777e4,2023-02-13 09:06:00,2023-02-13 09:16:00,2023-02-13 09:26:00,2023-02-13 09:40:00,14.47,8771905865
0e1f9,Dim Sum Delight,13122021,2,114,Dessert,Mango Pudding,3.5,4c4562bb8,2023-10-31 08:51:00,2023-10-31 09:09:00,2023-10-31 09:16:00,2023-10-31 09:41:00,18.76,2848452909
0e1f9,Dim Sum Delight,13122021,2,113,Chinese,Pork Siu Mai,5.0,26bf84f3a,2023-07-28 13:40:00,2023-07-28 13:58:00,2023-07-28 14:08:00,2023-07-28 14:33:00,19.21,2750093806
0e1f9,Dim Sum Delight,13122021,2,113,Chinese,Pork Siu Mai,5.0,08f41865d,2023-11-02 17:07:00,2023-11-02 17:15:00,2023-11-02 17:19:00,2023-11-02 17:41:00,27.2,7647206675
0e1f9,Dim Sum Delight,13122021,2,113,Chinese,Pork Siu Mai,5.0,1585bbdd3,2023-03-12 17:29:00,2023-03-12 17:47:00,2023-03-12 17:57:00,2023-03-12 18:18:00,29.7,6531898913
0e1f9,Dim Sum Delight,13122021,2,138,Chinese,Shrimp Har Gow,5.5,5af78100d,2023-01-24 12:41:00,2023-01-24 12:58:00,2023-01-24 13:07:00,2023-01-24 13:24:00,34.2,4670536634
0e1f9,Dim Sum Delight,13122021,2,138,Chinese,Shrimp Har Gow,5.5,5c0ae3920,2023-06-10 22:31:00,2023-06-10 22:51:00,2023-06-10 22:59:00,2023-06-10 23:09:00,15.8,5765640423
0e1f9,Dim Sum Delight,13122021,2,304,Chinese,Steamed BBQ Pork Buns,4.75,6193dcf56,2023-05-11 12:04:00,2023-05-11 12:20:00,2023-05-11 12:27:00,2023-05-11 12:55:00,13.36,2252917487
0e1f9,Dim Sum Delight,13122021,2,113,Chinese,Pork Siu Mai,5.0,36765e12f,2023-04-12 20:23:00,2023-04-12 20:30:00,2023-04-12 20:38:00,2023-04-12 20:58:00,20.65,4221333186
0e1f9,Dim Sum Delight,13122021,2,113,Chinese,Pork Siu Mai,5.0,e420af8ee,2023-10-12 06:22:00,2023-10-12 06:30:00,2023-10-12 06:32:00,2023-10-12 06:54:00,20.89,1844215706
0e1f9,Dim Sum Delight,13122021,2,304,Chinese,Steamed BBQ Pork Buns,4.75,31de491b1,2023-07-08 20:17:00,2023-07-08 20:26:00,2023-07-08 20:35:00,2023-07-08 21:03:00,41.36,9841827473
0e1f9,Dim Sum Delight,13122021,2,113,Chinese,Pork Siu Mai,5.0,07743502c,2023-12-05 20:25:00,2023-12-05 20:41:00,2023-12-05 20:50:00,2023-12-05 21:06:00,26.93,9658394902
0e1f9,Dim Sum Delight,13122021,2,138,Chinese,Shrimp Har Gow,5.5,b38093cab,2023-07-10 12:41:00,2023-07-10 12:56:00,2023-07-10 13:05:00,2023-07-10 13:29:00,11.34,4763337427
0e1f9,Dim Sum Delight,13122021,2,138,Chinese,Shrimp Har Gow,5.5,b38093cab,2023-07-10 12:41:00,2023-07-10 12:56:00,2023-07-10 13:05:00,2023-07-10 13:29:00,11.34,4763337427
0e1f9,Dim Sum Delight,13122021,2,114,Dessert,Mango Pudding,3.5,2b2bd7b63,2023-04-23 09:15:00,2023-04-23 09:22:00,2023-04-23 09:27:00,2023-04-23 09:37:00,618.86,6184424407
0e1f9,Dim Sum Delight,13122021,2,113,Chinese,Pork Siu Mai,5.0,3e00f6a2d,2023-07-30 14:14:00,2023-07-30 14:21:00,2023-07-30 14:23:00,2023-07-30 14:41:00,1282.48,1397134778
0e1f9,Dim Sum Delight,13122021,2,138,Chinese,Shrimp Har Gow,5.5,2a7f9fd98,2023-08-24 19:41:00,2023-08-24 19:58:00,2023-08-24 20:04:00,2023-08-24 20:34:00,47.04,8090817065
0e1f9,Dim Sum Delight,13122021,2,304,Chinese,Steamed BBQ Pork Buns,4.75,96d90c8c2,2023-08-29 19:21:00,2023-08-29 19:37:00,2023-08-29 19:42:00,2023-08-29 20:10:00,44.91,6436494422
0e1f9,Dim Sum Delight,13122021,2,304,Chinese,Steamed BBQ Pork Buns,4.75,7b178e044,2023-06-05 13:18:00,2023-06-05 13:28:00,2023-06-05 13:30:00,2023-06-05 13:47:00,35.41,7843760346
0e1f9,Dim Sum Delight,13122021,2,304,Chinese,Steamed BBQ Pork Buns,4.75,cc9f7ebdb,2023-12-31 10:05:00,2023-12-31 10:21:00,2023-12-31 10:30:00,2023-12-31 10:43:00,45.64,1318785572
0e1f9,Dim Sum Delight,13122021,2,304,Chinese,Steamed BBQ Pork Buns,4.75,aef73f85e,2023-06-06 13:12:00,2023-06-06 13:22:00,2023-06-06 13:30:00,2023-06-06 13:45:00,35.33,5312721309
0e1f9,Dim Sum Delight,13122021,2,113,Chinese,Pork Siu Mai,5.0,78edb6037,2023-04-15 09:44:00,2023-04-15 09:52:00,2023-04-15 10:02:00,2023-04-15 10:20:00,283.63,6288245562
0e1f9,Dim Sum Delight,13122021,2,113,Chinese,Pork Siu Mai,5.0,e37023577,2023-01-04 15:19:00,2023-01-04 15:36:00,2023-01-04 15:42:00,2023-01-04 16:04:00,27.24,9894858960
0e1f9,Dim Sum Delight,13122021,2,304,Chinese,Steamed BBQ Pork Buns,4.75,465ed18c3,2023-01-11 15:10:00,2023-01-11 15:18:00,2023-01-11 15:28:00,2023-01-11 15:49:00,49.11,2079744316
0e1f9,Dim Sum Delight,13122021,2,304,Chinese,Steamed BBQ Pork Buns,4.75,01f466d5e,2023-08-13 20:00:00,2023-08-13 20:10:00,2023-08-13 20:18:00,2023-08-13 20:32:00,22.08,9541300438
0e1f9,Dim Sum Delight,13122021,2,304,Chinese,Steamed BBQ Pork Buns,4.75,07c83a358,2023-03-09 13:25:00,2023-03-09 13:35:00,2023-03-09 13:44:00,2023-03-09 14:13:00,21.3,3233106770
0e1f9,Dim Sum Delight,13122021,2,113,Chinese,Pork Siu Mai,5.0,289523d52,2023-01-25 20:04:00,2023-01-25 20:16:00,2023-01-25 20:19:00,2023-01-25 20:38:00,31.99,5927479526
0e1f9,Dim Sum Delight,13122021,2,113,Chinese,Pork Siu Mai,5.0,99164471e,2023-12-08 09:09:00,2023-12-08 09:18:00,2023-12-08 09:27:00,2023-12-08 09:42:00,311.34,2866592994
0e1f9,Dim Sum Delight,13122021,2,113,Chinese,Pork Siu Mai,5.0,558295be9,2023-02-11 07:00:00,2023-02-11 07:08:00,2023-02-11 07:11:00,2023-02-11 07:26:00,32.31,2045145697
0e1f9,Dim Sum Delight,13122021,2,113,Chinese,Pork Siu Mai,5.0,2625c361e,2023-01-21 09:08:00,2023-01-21 09:13:00,2023-01-21 09:18:00,2023-01-21 09:47:00,18.39,1336216155
0e1f9,Dim Sum Delight,13122021,2,304,Chinese,Steamed BBQ Pork Buns,4.75,7737b5344,2023-07-10 22:14:00,2023-07-10 22:25:00,2023-07-10 22:32:00,2023-07-10 22:58:00,20.24,5133902458
0e1f9,Dim Sum Delight,13122021,2,113,Chinese,Pork Siu Mai,5.0,226971c8f,2023-07-14 07:45:00,2023-07-14 07:54:00,2023-07-14 08:04:00,2023-07-14 08:20:00,28.56,5414435017
0e1f9,Dim Sum Delight,13122021,2,138,Chinese,Shrimp Har Gow,5.5,d8b684a08,2023-10-18 10:04:00,2023-10-18 10:13:00,2023-10-18 10:23:00,2023-10-18 10:33:00,51.06,9622902083
0e1f9,Dim Sum Delight,13122021,2,138,Chinese,Shrimp Har Gow,5.5,ffc62dde8,2023-06-01 07:07:00,2023-06-01 07:13:00,2023-06-01 07:15:00,2023-06-01 07:40:00,31.15,1744439524
0e1f9,Dim Sum Delight,13122021,2,114,Dessert,Mango Pudding,3.5,16425df64,2023-11-09 20:14:00,2023-11-09 20:34:00,2023-11-09 20:43:00,2023-11-09 21:05:00,41.69,2136953871
0e1f9,Dim Sum Delight,13122021,2,138,Chinese,Shrimp Har Gow,5.5,1e3276084,2023-05-06 18:23:00,2023-05-06 18:31:00,2023-05-06 18:40:00,2023-05-06 19:00:00,416.87,2281895123
0e1f9,Dim Sum Delight,13122021,2,114,Dessert,Mango Pudding,3.5,e4d02eef2,2023-02-09 09:00:00,2023-02-09 09:12:00,2023-02-09 09:20:00,2023-02-09 09:30:00,49.56,8497753562
0e1f9,Dim Sum Delight,13122021,2,138,Chinese,Shrimp Har Gow,5.5,ff63e3239,2023-04-16 09:19:00,2023-04-16 09:35:00,2023-04-16 09:40:00,2023-04-16 09:58:00,28.56,5710034736
0e1f9,Dim Sum Delight,13122021,2,304,Chinese,Steamed BBQ Pork Buns,4.75,b06eede44,2023-01-22 11:15:00,2023-01-22 11:31:00,2023-01-22 11:40:00,2023-01-22 11:59:00,51.32,2117997719
0e1f9,Dim Sum Delight,13122021,2,113,Chinese,Pork Siu Mai,5.0,5847e3e26,2023-01-18 17:47:00,2023-01-18 17:56:00,2023-01-18 18:03:00,2023-01-18 18:24:00,32.07,4554471147
0e1f9,Dim Sum Delight,13122021,2,113,Chinese,Pork Siu Mai,5.0,4609e5479,2023-07-19 13:00:00,2023-07-19 13:12:00,2023-07-19 13:18:00,2023-07-19 13:33:00,671.02,4169321941
0e1f9,Dim Sum Delight,13122021,2,304,Chinese,Steamed BBQ Pork Buns,4.75,9c805bc94,2023-10-15 20:10:00,2023-10-15 20:20:00,2023-10-15 20:25:00,2023-10-15 20:49:00,20.99,1446764140
0e1f9,Dim Sum Delight,13122021,2,304,Chinese,Steamed BBQ Pork Buns,4.75,cb1d42b85,2023-05-05 20:26:00,2023-05-05 20:40:00,2023-05-05 20:46:00,2023-05-05 21:12:00,28.43,2434404657
0e1f9,Dim Sum Delight,13122021,2,113,Chinese,Pork Siu Mai,5.0,55b1a4240,2023-02-04 17:24:00,2023-02-04 17:39:00,2023-02-04 17:41:00,2023-02-04 17:53:00,19.26,8280839806
0e1f9,Dim Sum Delight,13122021,2,138,Chinese,Shrimp Har Gow,5.5,a04e0a24d,2023-07-08 09:20:00,2023-07-08 09:30:00,2023-07-08 09:36:00,2023-07-08 10:02:00,12.7,2472622283
0e1f9,Dim Sum Delight,13122021,2,138,Chinese,Shrimp Har Gow,5.5,dba8d5a71,2023-01-26 07:43:00,2023-01-26 08:03:00,2023-01-26 08:07:00,2023-01-26 08:19:00,40.53,9937767953
0e1f9,Dim Sum Delight,13122021,2,304,Chinese,Steamed BBQ Pork Buns,4.75,bb76573df,2023-01-22 15:00:00,2023-01-22 15:15:00,2023-01-22 15:20:00,2023-01-22 15:33:00,19.54,3617460752
0e1f9,Dim Sum Delight,13122021,2,304,Chinese,Steamed BBQ Pork Buns,4.75,cbffd9bb2,2023-09-27 06:13:00,2023-09-27 06:21:00,2023-09-27 06:23:00,2023-09-27 06:36:00,39.63,7165050548
0e1f9,Dim Sum Delight,13122021,2,113,Chinese,Pork Siu Mai,5.0,cf5de4c83,2023-02-21 09:11:00,2023-02-21 09:23:00,2023-02-21 09:26:00,2023-02-21 09:40:00,16.13,3428109949
0e1f9,Dim Sum Delight,13122021,2,138,Chinese,Shrimp Har Gow,5.5,7dc1f5b54,2023-12-21 17:22:00,2023-12-21 17:37:00,2023-12-21 17:41:00,2023-12-21 17:55:00,1665.0,8875862792
0e1f9,Dim Sum Delight,13122021,2,113,Chinese,Pork Siu Mai,5.0,70fb97cd7,2023-01-21 12:56:00,2023-01-21 13:09:00,2023-01-21 13:14:00,2023-01-21 13:31:00,41.87,5469429646
0e1f9,Dim Sum Delight,13122021,2,138,Chinese,Shrimp Har Gow,5.5,4c274cc58,2023-11-17 20:48:00,2023-11-17 20:56:00,2023-11-17 21:00:00,2023-11-17 21:19:00,16.29,4312474093
0e1f9,Dim Sum Delight,13122021,2,113,Chinese,Pork Siu Mai,5.0,aac542c7c,2023-04-19 16:12:00,2023-04-19 16:29:00,2023-04-19 16:34:00,2023-04-19 16:55:00,21.63,8763443788
0e1f9,Dim Sum Delight,13122021,2,114,Dessert,Mango Pudding,3.5,7157d1ee6,2023-11-03 12:20:00,2023-11-03 12:37:00,2023-11-03 12:43:00,2023-11-03 13:04:00,43.4,2539132488
0e1f9,Dim Sum Delight,13122021,2,113,Chinese,Pork Siu Mai,5.0,6dbcd1a27,2023-01-06 21:17:00,2023-01-06 21:28:00,2023-01-06 21:37:00,2023-01-06 22:06:00,54.92,4160067659
0e1f9,Dim Sum Delight,13122021,2,113,Chinese,Pork Siu Mai,5.0,b1f44d360,2023-06-03 09:40:00,2023-06-03 09:55:00,2023-06-03 10:03:00,2023-06-03 10:16:00,41.24,3729829468
0e1f9,Dim Sum Delight,13122021,2,114,Dessert,Mango Pudding,3.5,1500926b8,2023-09-20 12:07:00,2023-09-20 12:23:00,2023-09-20 12:29:00,2023-09-20 12:54:00,21.68,8440568090
0e1f9,Dim Sum Delight,13122021,2,113,Chinese,Pork Siu Mai,5.0,da5539c69,2023-04-21 22:21:00,2023-04-21 22:26:00,2023-04-21 22:34:00,2023-04-21 22:45:00,33.68,9533324666
0e1f9,Dim Sum Delight,13122021,2,114,Dessert,Mango Pudding,3.5,8ec67525e,2023-10-28 20:51:00,2023-10-28 21:01:00,2023-10-28 21:03:00,2023-10-28 21:14:00,42.56,7827465802
0e1f9,Dim Sum Delight,13122021,2,114,Dessert,Mango Pudding,3.5,7af26f0c0,2023-01-01 19:03:00,2023-01-01 19:09:00,2023-01-01 19:19:00,2023-01-01 19:34:00,29.2,6151774067
0e1f9,Dim Sum Delight,13122021,2,304,Chinese,Steamed BBQ Pork Buns,4.75,b8913b35f,2023-06-22 06:59:00,2023-06-22 07:16:00,2023-06-22 07:20:00,2023-06-22 07:33:00,18.54,1282333647
0e1f9,Dim Sum Delight,13122021,2,304,Chinese,Steamed BBQ Pork Buns,4.75,80310219c,2023-07-04 12:05:00,2023-07-04 12:25:00,2023-07-04 12:27:00,2023-07-04 12:45:00,24.71,6202767234
0e1f9,Dim Sum Delight,13122021,2,304,Chinese,Steamed BBQ Pork Buns,4.75,e0ed015d4,2023-05-09 13:04:00,2023-05-09 13:22:00,2023-05-09 13:30:00,2023-05-09 13:55:00,11.64,4396286312
0e1f9,Dim Sum Delight,13122021,2,114,Dessert,Mango Pudding,3.5,ffcbee479,2023-04-24 10:43:00,2023-04-24 10:59:00,2023-04-24 11:05:00,2023-04-24 11:20:00,17.37,4406172701
0e1f9,Dim Sum Delight,13122021,2,138,Chinese,Shrimp Har Gow,5.5,ec8cb35d7,2023-05-11 10:54:00,2023-05-11 11:06:00,2023-05-11 11:08:00,2023-05-11 11:27:00,35.53,2445463312
0e1f9,Dim Sum Delight,13122021,2,114,Dessert,Mango Pudding,3.5,20447f9ea,2023-10-16 13:24:00,2023-10-16 13:29:00,2023-10-16 13:37:00,2023-10-16 14:04:00,32.52,2853803145
0e1f9,Dim Sum Delight,13122021,2,304,Chinese,Steamed BBQ Pork Buns,4.75,e6c489259,2023-11-17 06:36:00,2023-11-17 06:41:00,2023-11-17 06:45:00,2023-11-17 07:12:00,25.51,6370489120
0e1f9,Dim Sum Delight,13122021,2,304,Chinese,Steamed BBQ Pork Buns,4.75,7e18b3b0b,2023-12-30 17:20:00,2023-12-30 17:32:00,2023-12-30 17:41:00,2023-12-30 18:08:00,25.61,9135159280
0e1f9,Dim Sum Delight,13122021,2,113,Chinese,Pork Siu Mai,5.0,0736b4a02,2023-04-22 20:17:00,2023-04-22 20:26:00,2023-04-22 20:28:00,2023-04-22 20:49:00,22.78,4430763111
0e1f9,Dim Sum Delight,13122021,2,138,Chinese,Shrimp Har Gow,5.5,8c419c42f,2023-09-24 09:14:00,2023-09-24 09:29:00,2023-09-24 09:36:00,2023-09-24 09:55:00,46.11,2015937990
0e1f9,Dim Sum Delight,13122021,2,304,Chinese,Steamed BBQ Pork Buns,4.75,1e8f22670,2023-12-20 07:50:00,2023-12-20 07:59:00,2023-12-20 08:01:00,2023-12-20 08:16:00,27.2,7502059632
0e1f9,Dim Sum Delight,13122021,2,114,Dessert,Mango Pudding,3.5,7f39c3e23,2023-06-19 07:55:00,2023-06-19 08:07:00,2023-06-19 08:17:00,2023-06-19 08:45:00,19.0,1576844750
0e1f9,Dim Sum Delight,13122021,2,138,Chinese,Shrimp Har Gow,5.5,09d4f2c8a,2023-05-06 10:08:00,2023-05-06 10:27:00,2023-05-06 10:30:00,2023-05-06 10:57:00,32.86,7935180915
0e1f9,Dim Sum Delight,13122021,2,304,Chinese,Steamed BBQ Pork Buns,4.75,66489e74f,2023-06-21 11:59:00,2023-06-21 12:07:00,2023-06-21 12:14:00,2023-06-21 12:43:00,52.45,6303094360
0e1f9,Dim Sum Delight,13122021,2,114,Dessert,Mango Pudding,3.5,66bceaac7,2023-03-26 18:04:00,2023-03-26 18:17:00,2023-03-26 18:25:00,2023-03-26 18:38:00,30.95,2089146928
0e1f9,Dim Sum Delight,13122021,2,138,Chinese,Shrimp Har Gow,5.5,eb5f910f6,2023-03-22 14:09:00,2023-03-22 14:24:00,2023-03-22 14:27:00,2023-03-22 14:45:00,29.56,1704534270
0e1f9,Dim Sum Delight,13122021,2,113,Chinese,Pork Siu Mai,5.0,4fdad94fb,2023-05-05 17:48:00,2023-05-05 18:01:00,2023-05-05 18:07:00,2023-05-05 18:37:00,44.53,8573325112
0e1f9,Dim Sum Delight,13122021,2,304,Chinese,Steamed BBQ Pork Buns,4.75,5011a5e43,2023-11-26 14:27:00,2023-11-26 14:37:00,2023-11-26 14:41:00,2023-11-26 14:58:00,26.74,2769212135
0e1f9,Dim Sum Delight,13122021,2,113,Chinese,Pork Siu Mai,5.0,76645c410,2023-06-19 17:02:00,2023-06-19 17:11:00,2023-06-19 17:14:00,2023-06-19 17:38:00,398.39,6686072794
0e1f9,Dim Sum Delight,13122021,2,114,Dessert,Mango Pudding,3.5,42711a3b9,2023-09-16 10:18:00,2023-09-16 10:31:00,2023-09-16 10:41:00,2023-09-16 10:58:00,21.96,4111399726
0e1f9,Dim Sum Delight,13122021,2,113,Chinese,Pork Siu Mai,5.0,26f9b8391,2023-09-10 16:00:00,2023-09-10 16:18:00,2023-09-10 16:22:00,2023-09-10 16:42:00,1030.92,6420813410
0e1f9,Dim Sum Delight,13122021,2,114,Dessert,Mango Pudding,3.5,a9857f5af,2023-11-01 16:16:00,2023-11-01 16:32:00,2023-11-01 16:35:00,2023-11-01 16:45:00,19.39,8564388609
0e1f9,Dim Sum Delight,13122021,2,138,Chinese,Shrimp Har Gow,5.5,7de7a7523,2023-08-04 19:04:00,2023-08-04 19:13:00,2023-08-04 19:20:00,2023-08-04 19:41:00,17.92,4320389271
0e1f9,Dim Sum Delight,13122021,2,113,Chinese,Pork Siu Mai,5.0,fcfbcc402,2023-09-03 10:10:00,2023-09-03 10:18:00,2023-09-03 10:23:00,2023-09-03 10:43:00,20.57,8306349926
0e1f9,Dim Sum Delight,13122021,2,138,Chinese,Shrimp Har Gow,5.5,a3ddc2aac,2023-03-04 21:55:00,2023-03-04 22:01:00,2023-03-04 22:10:00,2023-03-04 22:25:00,50.53,6593731109
0e1f9,Dim Sum Delight,13122021,2,138,Chinese,Shrimp Har Gow,5.5,f4b8922d3,2023-03-26 07:32:00,2023-03-26 07:52:00,2023-03-26 07:54:00,2023-03-26 08:19:00,36.17,9520309812
0e1f9,Dim Sum Delight,13122021,2,138,Chinese,Shrimp Har Gow,5.5,6d3fedd8f,2023-06-03 11:24:00,2023-06-03 11:29:00,2023-06-03 11:37:00,2023-06-03 11:51:00,232.53,1806977855
0e1f9,Dim Sum Delight,13122021,2,114,Dessert,Mango Pudding,3.5,2d100f299,2023-05-14 15:33:00,2023-05-14 15:42:00,2023-05-14 15:45:00,2023-05-14 16:11:00,151.24,9284592793
0e1f9,Dim Sum Delight,13122021,2,114,Dessert,Mango Pudding,3.5,751e321cb,2023-02-16 14:30:00,2023-02-16 14:36:00,2023-02-16 14:46:00,2023-02-16 15:13:00,37.7,1575991663
0e1f9,Dim Sum Delight,13122021,2,113,Chinese,Pork Siu Mai,5.0,05bb0016e,2023-12-31 17:31:00,2023-12-31 17:48:00,2023-12-31 17:56:00,2023-12-31 18:12:00,136.29,8716711714
0e1f9,Dim Sum Delight,13122021,2,114,Dessert,Mango Pudding,3.5,ca77fce15,2023-01-25 14:22:00,2023-01-25 14:35:00,2023-01-25 14:44:00,2023-01-25 15:14:00,28.49,8775093066
0e1f9,Dim Sum Delight,13122021,2,113,Chinese,Pork Siu Mai,5.0,ee6ea6cae,2023-12-23 17:59:00,2023-12-23 18:10:00,2023-12-23 18:13:00,2023-12-23 18:37:00,15.37,3007223740
0e1f9,Dim Sum Delight,13122021,2,113,Chinese,Pork Siu Mai,5.0,338fc9e6d,2023-07-04 16:51:00,2023-07-04 16:59:00,2023-07-04 17:08:00,2023-07-04 17:37:00,14.46,6328227689
0e1f9,Dim Sum Delight,13122021,2,114,Dessert,Mango Pudding,3.5,e76e32e7c,2023-05-03 08:35:00,2023-05-03 08:40:00,2023-05-03 08:47:00,2023-05-03 09:16:00,18.77,7129236033
0e1f9,Dim Sum Delight,13122021,2,114,Dessert,Mango Pudding,3.5,66de8d001,2023-07-02 14:33:00,2023-07-02 14:38:00,2023-07-02 14:43:00,2023-07-02 15:12:00,155.83,5215601591
0e1f9,Dim Sum Delight,13122021,2,114,Dessert,Mango Pudding,3.5,66de8d001,2023-07-02 14:33:00,2023-07-02 14:38:00,2023-07-02 14:43:00,2023-07-02 15:12:00,155.83,5215601591
0e1f9,Dim Sum Delight,13122021,2,138,Chinese,Shrimp Har Gow,5.5,e9e8dadee,2023-01-20 10:27:00,2023-01-20 10:44:00,2023-01-20 10:51:00,2023-01-20 11:06:00,900.29,6190635138
0e1f9,Dim Sum Delight,13122021,2,114,Dessert,Mango Pudding,3.5,13b1e01d9,2023-04-23 18:00:00,2023-04-23 18:13:00,2023-04-23 18:16:00,2023-04-23 18:39:00,49.43,8326587776
0e1f9,Dim Sum Delight,13122021,2,113,Chinese,Pork Siu Mai,5.0,f961d30f2,2023-07-28 20:00:00,2023-07-28 20:10:00,2023-07-28 20:17:00,2023-07-28 20:31:00,797.81,5679028101
0e1f9,Dim Sum Delight,13122021,2,113,Chinese,Pork Siu Mai,5.0,2cd60fb9c,2023-04-29 10:13:00,2023-04-29 10:21:00,2023-04-29 10:25:00,2023-04-29 10:44:00,27.36,8325593372
0e1f9,Dim Sum Delight,13122021,2,113,Chinese,Pork Siu Mai,5.0,a71ff2f86,2023-12-15 08:26:00,2023-12-15 08:31:00,2023-12-15 08:37:00,2023-12-15 09:05:00,15.27,7171531561
0e1f9,Dim Sum Delight,13122021,2,304,Chinese,Steamed BBQ Pork Buns,4.75,5dffa26c0,2023-12-06 21:43:00,2023-12-06 21:55:00,2023-12-06 22:03:00,2023-12-06 22:32:00,123.15,4471331637
0e1f9,Dim Sum Delight,13122021,2,138,Chinese,Shrimp Har Gow,5.5,4e537f50e,2023-07-11 11:05:00,2023-07-11 11:24:00,2023-07-11 11:27:00,2023-07-11 11:56:00,229.41,3195956291
0e1f9,Dim Sum Delight,13122021,2,304,Chinese,Steamed BBQ Pork Buns,4.75,9be89587a,2023-02-03 14:04:00,2023-02-03 14:24:00,2023-02-03 14:26:00,2023-02-03 14:45:00,25.0,2508078231
0e1f9,Dim Sum Delight,13122021,2,113,Chinese,Pork Siu Mai,5.0,71f0b1524,2023-07-20 15:39:00,2023-07-20 15:44:00,2023-07-20 15:53:00,2023-07-20 16:11:00,49.14,6131986762
0e1f9,Dim Sum Delight,13122021,2,304,Chinese,Steamed BBQ Pork Buns,4.75,296d90ff2,2023-09-04 22:57:00,2023-09-04 23:12:00,2023-09-04 23:22:00,2023-09-04 23:51:00,27.51,4142715880
0e1f9,Dim Sum Delight,13122021,2,304,Chinese,Steamed BBQ Pork Buns,4.75,87c4f09c4,2023-02-28 22:46:00,2023-02-28 22:57:00,2023-02-28 23:02:00,2023-02-28 23:27:00,17.8,1439411908
0e1f9,Dim Sum Delight,13122021,2,304,Chinese,Steamed BBQ Pork Buns,4.75,dafd0b0db,2023-01-12 12:03:00,2023-01-12 12:11:00,2023-01-12 12:16:00,2023-01-12 12:43:00,12.7,9227816909
0e1f9,Dim Sum Delight,13122021,2,113,Chinese,Pork Siu Mai,5.0,fe75854c6,2023-03-04 17:34:00,2023-03-04 17:47:00,2023-03-04 17:56:00,2023-03-04 18:08:00,36.61,3905317455
0e1f9,Dim Sum Delight,13122021,2,114,Dessert,Mango Pudding,3.5,6b2d6522c,2023-12-25 17:36:00,2023-12-25 17:42:00,2023-12-25 17:48:00,2023-12-25 18:09:00,48.97,8925215827
0e1f9,Dim Sum Delight,13122021,2,138,Chinese,Shrimp Har Gow,5.5,d1b91f9f3,2023-02-08 22:24:00,2023-02-08 22:38:00,2023-02-08 22:47:00,2023-02-08 22:57:00,265.38,9400000183
0e1f9,Dim Sum Delight,13122021,2,113,Chinese,Pork Siu Mai,5.0,839f14b14,2023-03-21 22:21:00,2023-03-21 22:38:00,2023-03-21 22:47:00,2023-03-21 23:10:00,1087.43,4490894833
0e1f9,Dim Sum Delight,13122021,2,113,Chinese,Pork Siu Mai,5.0,f90bc61f3,2023-12-20 19:20:00,2023-12-20 19:30:00,2023-12-20 19:40:00,2023-12-20 20:06:00,25.5,5880560498
0e1f9,Dim Sum Delight,13122021,2,114,Dessert,Mango Pudding,3.5,c9b1ba8c1,2023-01-12 12:03:00,2023-01-12 12:08:00,2023-01-12 12:12:00,2023-01-12 12:22:00,29.88,8763429283
0e1f9,Dim Sum Delight,13122021,2,113,Chinese,Pork Siu Mai,5.0,c34d54c32,2023-12-23 15:34:00,2023-12-23 15:53:00,2023-12-23 16:02:00,2023-12-23 16:20:00,517.17,3716999462
0e1f9,Dim Sum Delight,13122021,2,114,Dessert,Mango Pudding,3.5,457bf6d24,2023-06-01 10:46:00,2023-06-01 11:02:00,2023-06-01 11:10:00,2023-06-01 11:38:00,24.3,8345794334
0e1f9,Dim Sum Delight,13122021,2,114,Dessert,Mango Pudding,3.5,076c05739,2023-04-17 12:40:00,2023-04-17 12:59:00,2023-04-17 13:02:00,2023-04-17 13:18:00,18.44,4648869649
0e1f9,Dim Sum Delight,13122021,2,114,Dessert,Mango Pudding,3.5,de8814374,2023-03-20 17:03:00,2023-03-20 17:14:00,2023-03-20 17:22:00,2023-03-20 17:50:00,31.79,8740914727
0e1f9,Dim Sum Delight,13122021,2,113,Chinese,Pork Siu Mai,5.0,d93676f34,2023-05-08 15:42:00,2023-05-08 15:54:00,2023-05-08 15:56:00,2023-05-08 16:13:00,1075.75,4009467155
0e1f9,Dim Sum Delight,13122021,2,113,Chinese,Pork Siu Mai,5.0,02e68b444,2023-10-27 18:54:00,2023-10-27 19:07:00,2023-10-27 19:12:00,2023-10-27 19:35:00,966.24,2452377603
0e1f9,Dim Sum Delight,13122021,2,138,Chinese,Shrimp Har Gow,5.5,71bcdd571,2023-06-29 17:49:00,2023-06-29 18:03:00,2023-06-29 18:11:00,2023-06-29 18:26:00,15.58,3288493602
0e1f9,Dim Sum Delight,13122021,2,113,Chinese,Pork Siu Mai,5.0,eaef51d8c,2023-11-26 17:45:00,2023-11-26 18:01:00,2023-11-26 18:09:00,2023-11-26 18:39:00,20.93,5862681223
0e1f9,Dim Sum Delight,13122021,2,304,Chinese,Steamed BBQ Pork Buns,4.75,72bd6a192,2023-09-21 17:28:00,2023-09-21 17:47:00,2023-09-21 17:50:00,2023-09-21 18:07:00,15.67,6765540032
0e1f9,Dim Sum Delight,13122021,2,138,Chinese,Shrimp Har Gow,5.5,3c29ba725,2023-06-24 22:31:00,2023-06-24 22:49:00,2023-06-24 22:57:00,2023-06-24 23:27:00,29.07,2445707083
0e1f9,Dim Sum Delight,13122021,2,138,Chinese,Shrimp Har Gow,5.5,1489d2981,2023-05-03 11:43:00,2023-05-03 12:01:00,2023-05-03 12:06:00,2023-05-03 12:24:00,15.6,8729712344
0e1f9,Dim Sum Delight,13122021,2,304,Chinese,Steamed BBQ Pork Buns,4.75,bc6c929f3,2023-12-31 20:48:00,2023-12-31 21:04:00,2023-12-31 21:06:00,2023-12-31 21:19:00,15.77,7323782107
0e1f9,Dim Sum Delight,13122021,2,304,Chinese,Steamed BBQ Pork Buns,4.75,5f27e4cc1,2023-03-21 22:53:00,2023-03-21 23:12:00,2023-03-21 23:14:00,2023-03-21 23:34:00,51.42,1563679670
0e1f9,Dim Sum Delight,13122021,2,113,Chinese,Pork Siu Mai,5.0,eea2c6008,2023-03-17 15:18:00,2023-03-17 15:33:00,2023-03-17 15:39:00,2023-03-17 16:08:00,15.18,8930721214
0e1f9,Dim Sum Delight,13122021,2,138,Chinese,Shrimp Har Gow,5.5,5512615b8,2023-12-10 06:03:00,2023-12-10 06:16:00,2023-12-10 06:19:00,2023-12-10 06:35:00,14.86,1753398551
0e1f9,Dim Sum Delight,13122021,2,114,Dessert,Mango Pudding,3.5,d5abea986,2023-04-22 13:57:00,2023-04-22 14:08:00,2023-04-22 14:14:00,2023-04-22 14:44:00,19.29,9396437081
0e1f9,Dim Sum Delight,13122021,2,113,Chinese,Pork Siu Mai,5.0,71babc2da,2023-06-05 22:27:00,2023-06-05 22:37:00,2023-06-05 22:45:00,2023-06-05 23:00:00,18.05,6197631033
0e1f9,Dim Sum Delight,13122021,2,114,Dessert,Mango Pudding,3.5,3041c6495,2023-10-02 19:28:00,2023-10-02 19:36:00,2023-10-02 19:42:00,2023-10-02 19:58:00,407.23,6263796151
0e1f9,Dim Sum Delight,13122021,2,113,Chinese,Pork Siu Mai,5.0,dd26a9325,2023-05-25 10:06:00,2023-05-25 10:18:00,2023-05-25 10:28:00,2023-05-25 10:53:00,43.71,9192128001
0e1f9,Dim Sum Delight,13122021,2,304,Chinese,Steamed BBQ Pork Buns,4.75,334711312,2023-06-03 12:23:00,2023-06-03 12:29:00,2023-06-03 12:39:00,2023-06-03 12:56:00,19.66,3783960650
0e1f9,Dim Sum Delight,13122021,2,113,Chinese,Pork Siu Mai,5.0,e0e772f15,2023-06-29 16:44:00,2023-06-29 16:57:00,2023-06-29 17:03:00,2023-06-29 17:21:00,36.93,6086475791
0e1f9,Dim Sum Delight,13122021,2,114,Dessert,Mango Pudding,3.5,f909184ad,2023-02-10 10:04:00,2023-02-10 10:14:00,2023-02-10 10:16:00,2023-02-10 10:40:00,20.93,7616589423
0e1f9,Dim Sum Delight,13122021,2,113,Chinese,Pork Siu Mai,5.0,0bf44f9e4,2023-08-01 11:55:00,2023-08-01 12:15:00,2023-08-01 12:20:00,2023-08-01 12:34:00,37.36,2249377427
0e1f9,Dim Sum Delight,13122021,2,113,Chinese,Pork Siu Mai,5.0,a82e953ef,2023-03-22 22:12:00,2023-03-22 22:18:00,2023-03-22 22:22:00,2023-03-22 22:49:00,481.62,8344862882
0e1f9,Dim Sum Delight,13122021,2,304,Chinese,Steamed BBQ Pork Buns,4.75,b60f29f8b,2023-12-23 09:11:00,2023-12-23 09:17:00,2023-12-23 09:24:00,2023-12-23 09:43:00,11.23,3231271855
0e1f9,Dim Sum Delight,13122021,2,304,Chinese,Steamed BBQ Pork Buns,4.75,d2cd85544,2023-01-27 21:20:00,2023-01-27 21:40:00,2023-01-27 21:45:00,2023-01-27 22:00:00,39.26,2235418161
0e1f9,Dim Sum Delight,13122021,2,113,Chinese,Pork Siu Mai,5.0,509b39a7d,2023-11-22 12:15:00,2023-11-22 12:27:00,2023-11-22 12:36:00,2023-11-22 12:54:00,31.18,3552323226
0e1f9,Dim Sum Delight,13122021,2,113,Chinese,Pork Siu Mai,5.0,578ec3e90,2023-01-30 15:20:00,2023-01-30 15:27:00,2023-01-30 15:35:00,2023-01-30 16:02:00,46.48,6049698519
0e1f9,Dim Sum Delight,13122021,2,114,Dessert,Mango Pudding,3.5,787b34361,2023-10-06 16:22:00,2023-10-06 16:30:00,2023-10-06 16:38:00,2023-10-06 16:58:00,25.46,7720467841
0e1f9,Dim Sum Delight,13122021,2,138,Chinese,Shrimp Har Gow,5.5,779fb64fa,2023-07-09 13:48:00,2023-07-09 14:03:00,2023-07-09 14:10:00,2023-07-09 14:32:00,89.63,2844982320
0e1f9,Dim Sum Delight,13122021,2,113,Chinese,Pork Siu Mai,5.0,0aecc45da,2023-04-14 06:29:00,2023-04-14 06:40:00,2023-04-14 06:49:00,2023-04-14 07:15:00,26.63,1516936140
0e1f9,Dim Sum Delight,13122021,2,114,Dessert,Mango Pudding,3.5,6a603208d,2023-07-31 07:47:00,2023-07-31 08:02:00,2023-07-31 08:09:00,2023-07-31 08:36:00,42.48,2277895504
0e1f9,Dim Sum Delight,13122021,2,113,Chinese,Pork Siu Mai,5.0,b4e86c809,2023-07-28 20:11:00,2023-07-28 20:22:00,2023-07-28 20:25:00,2023-07-28 20:51:00,16.69,1301613680
0e1f9,Dim Sum Delight,13122021,2,138,Chinese,Shrimp Har Gow,5.5,b66828e09,2023-03-08 07:24:00,2023-03-08 07:29:00,2023-03-08 07:37:00,2023-03-08 07:56:00,50.75,9311246001
0e1f9,Dim Sum Delight,13122021,2,138,Chinese,Shrimp Har Gow,5.5,4a02eb3f3,2023-11-17 17:47:00,2023-11-17 17:56:00,2023-11-17 18:03:00,2023-11-17 18:18:00,46.07,5835180417
0e1f9,Dim Sum Delight,13122021,2,113,Chinese,Pork Siu Mai,5.0,8e67ebfaf,2023-02-11 06:39:00,2023-02-11 06:54:00,2023-02-11 06:58:00,2023-02-11 07:18:00,30.69,9420346452
0e1f9,Dim Sum Delight,13122021,2,113,Chinese,Pork Siu Mai,5.0,01bd7cf48,2023-02-02 14:06:00,2023-02-02 14:25:00,2023-02-02 14:35:00,2023-02-02 15:01:00,22.36,1148746234
0e1f9,Dim Sum Delight,13122021,2,113,Chinese,Pork Siu Mai,5.0,10fb24e15,2023-04-24 11:21:00,2023-04-24 11:35:00,2023-04-24 11:44:00,2023-04-24 12:10:00,51.09,4906400313
0e1f9,Dim Sum Delight,13122021,2,113,Chinese,Pork Siu Mai,5.0,1113d5bc3,2023-05-22 16:05:00,2023-05-22 16:13:00,2023-05-22 16:19:00,2023-05-22 16:39:00,26.64,9549036312
0e1f9,Dim Sum Delight,13122021,2,304,Chinese,Steamed BBQ Pork Buns,4.75,7a73146b1,2023-02-15 19:45:00,2023-02-15 19:50:00,2023-02-15 19:56:00,2023-02-15 20:12:00,21.26,1345493634
0e1f9,Dim Sum Delight,13122021,2,138,Chinese,Shrimp Har Gow,5.5,3495c7572,2023-04-05 22:28:00,2023-04-05 22:39:00,2023-04-05 22:44:00,2023-04-05 23:05:00,29.81,5200814752
0e1f9,Dim Sum Delight,13122021,2,113,Chinese,Pork Siu Mai,5.0,c7e1f471e,2023-08-28 14:04:00,2023-08-28 14:17:00,2023-08-28 14:22:00,2023-08-28 14:40:00,57.31,2851833489
0e1f9,Dim Sum Delight,13122021,2,113,Chinese,Pork Siu Mai,5.0,a36f95157,2023-01-03 16:09:00,2023-01-03 16:19:00,2023-01-03 16:21:00,2023-01-03 16:38:00,649.63,2356750456
0e1f9,Dim Sum Delight,13122021,2,113,Chinese,Pork Siu Mai,5.0,934ceb8cd,2023-04-21 19:55:00,2023-04-21 20:03:00,2023-04-21 20:10:00,2023-04-21 20:25:00,298.52,4334525504
0e1f9,Dim Sum Delight,13122021,2,138,Chinese,Shrimp Har Gow,5.5,56ed93629,2023-10-30 11:21:00,2023-10-30 11:34:00,2023-10-30 11:40:00,2023-10-30 11:50:00,31.82,8508566142
0e1f9,Dim Sum Delight,13122021,2,113,Chinese,Pork Siu Mai,5.0,f0a6bebdd,2023-09-16 22:47:00,2023-09-16 22:55:00,2023-09-16 22:59:00,2023-09-16 23:28:00,45.91,1747911380
0e1f9,Dim Sum Delight,13122021,2,113,Chinese,Pork Siu Mai,5.0,288730547,2023-01-06 15:33:00,2023-01-06 15:41:00,2023-01-06 15:45:00,2023-01-06 16:15:00,14.54,8675992517
0e1f9,Dim Sum Delight,13122021,2,114,Dessert,Mango Pudding,3.5,0273e0991,2023-04-25 20:22:00,2023-04-25 20:31:00,2023-04-25 20:35:00,2023-04-25 20:54:00,16.49,2994768662
0e1f9,Dim Sum Delight,13122021,2,304,Chinese,Steamed BBQ Pork Buns,4.75,c3cc47873,2023-08-13 08:39:00,2023-08-13 08:48:00,2023-08-13 08:50:00,2023-08-13 09:13:00,45.41,6861842895
0e1f9,Dim Sum Delight,13122021,2,113,Chinese,Pork Siu Mai,5.0,a69935e2e,2023-10-29 19:57:00,2023-10-29 20:11:00,2023-10-29 20:13:00,2023-10-29 20:35:00,17.11,6739662064
0e1f9,Dim Sum Delight,13122021,2,138,Chinese,Shrimp Har Gow,5.5,b5e66b484,2023-03-30 12:13:00,2023-03-30 12:19:00,2023-03-30 12:21:00,2023-03-30 12:46:00,31.88,3723520691
0e1f9,Dim Sum Delight,13122021,2,304,Chinese,Steamed BBQ Pork Buns,4.75,11df4aee1,2023-01-14 20:41:00,2023-01-14 20:55:00,2023-01-14 21:02:00,2023-01-14 21:21:00,26.64,4703128448
0e1f9,Dim Sum Delight,13122021,2,304,Chinese,Steamed BBQ Pork Buns,4.75,7985bcead,2023-05-10 19:45:00,2023-05-10 20:05:00,2023-05-10 20:12:00,2023-05-10 20:26:00,14.34,8638811521
0e1f9,Dim Sum Delight,13122021,2,113,Chinese,Pork Siu Mai,5.0,7985bcead,2023-05-10 19:45:00,2023-05-10 20:05:00,2023-05-10 20:12:00,2023-05-10 20:26:00,14.34,8638811521
0e1f9,Dim Sum Delight,13122021,2,138,Chinese,Shrimp Har Gow,5.5,42c9e113c,2023-01-17 17:05:00,2023-01-17 17:21:00,2023-01-17 17:31:00,2023-01-17 17:50:00,14.15,8733445922
0e1f9,Dim Sum Delight,13122021,2,114,Dessert,Mango Pudding,3.5,3106aaa6f,2023-01-14 12:55:00,2023-01-14 13:08:00,2023-01-14 13:15:00,2023-01-14 13:31:00,298.7,7653530884
0e1f9,Dim Sum Delight,13122021,2,113,Chinese,Pork Siu Mai,5.0,2e58bea72,2023-06-23 13:36:00,2023-06-23 13:53:00,2023-06-23 14:01:00,2023-06-23 14:19:00,14.76,3620046525
0e1f9,Dim Sum Delight,13122021,2,113,Chinese,Pork Siu Mai,5.0,2e58bea72,2023-06-23 13:36:00,2023-06-23 13:53:00,2023-06-23 14:01:00,2023-06-23 14:19:00,14.76,3620046525
0e1f9,Dim Sum Delight,13122021,2,113,Chinese,Pork Siu Mai,5.0,5e301de7b,2023-02-27 14:06:00,2023-02-27 14:13:00,2023-02-27 14:20:00,2023-02-27 14:39:00,13.01,8696427056
0e1f9,Dim Sum Delight,13122021,2,113,Chinese,Pork Siu Mai,5.0,dcdcef40e,2023-10-28 11:32:00,2023-10-28 11:42:00,2023-10-28 11:52:00,2023-10-28 12:15:00,24.69,1592083158
0e1f9,Dim Sum Delight,13122021,2,113,Chinese,Pork Siu Mai,5.0,2b67ef3f1,2023-12-11 16:59:00,2023-12-11 17:11:00,2023-12-11 17:17:00,2023-12-11 17:47:00,302.55,5582062891
0e1f9,Dim Sum Delight,13122021,2,113,Chinese,Pork Siu Mai,5.0,eec03d52a,2023-06-04 15:36:00,2023-06-04 15:46:00,2023-06-04 15:53:00,2023-06-04 16:23:00,45.88,5642455433
0e1f9,Dim Sum Delight,13122021,2,138,Chinese,Shrimp Har Gow,5.5,96334999e,2023-12-01 13:20:00,2023-12-01 13:29:00,2023-12-01 13:38:00,2023-12-01 13:53:00,26.35,3728521377
0e1f9,Dim Sum Delight,13122021,2,138,Chinese,Shrimp Har Gow,5.5,c125c0137,2023-08-12 22:07:00,2023-08-12 22:19:00,2023-08-12 22:26:00,2023-08-12 22:54:00,33.09,1285730348
0e1f9,Dim Sum Delight,13122021,2,113,Chinese,Pork Siu Mai,5.0,1684ea0c4,2023-02-22 22:17:00,2023-02-22 22:36:00,2023-02-22 22:44:00,2023-02-22 23:04:00,28.11,9542629978
0e1f9,Dim Sum Delight,13122021,2,138,Chinese,Shrimp Har Gow,5.5,73b17c9a7,2023-11-08 06:52:00,2023-11-08 07:06:00,2023-11-08 07:12:00,2023-11-08 07:35:00,25.69,1120826666
0e1f9,Dim Sum Delight,13122021,2,113,Chinese,Pork Siu Mai,5.0,acd40c1fb,2023-07-01 13:59:00,2023-07-01 14:10:00,2023-07-01 14:15:00,2023-07-01 14:36:00,30.82,3045724304
0e1f9,Dim Sum Delight,13122021,2,114,Dessert,Mango Pudding,3.5,808b9ca03,2023-10-08 14:20:00,2023-10-08 14:26:00,2023-10-08 14:30:00,2023-10-08 14:41:00,284.96,1489814121
0e1f9,Dim Sum Delight,13122021,2,114,Dessert,Mango Pudding,3.5,15b922c77,2023-05-24 22:50:00,2023-05-24 23:03:00,2023-05-24 23:08:00,2023-05-24 23:20:00,303.45,2196933031
0e1f9,Dim Sum Delight,13122021,2,304,Chinese,Steamed BBQ Pork Buns,4.75,0c0b71ef3,2023-01-23 12:13:00,2023-01-23 12:20:00,2023-01-23 12:22:00,2023-01-23 12:46:00,33.44,5682428972
0e1f9,Dim Sum Delight,13122021,2,138,Chinese,Shrimp Har Gow,5.5,a971cfec2,2023-04-12 09:52:00,2023-04-12 10:02:00,2023-04-12 10:06:00,2023-04-12 10:25:00,17.07,5927181384
0e1f9,Dim Sum Delight,13122021,2,113,Chinese,Pork Siu Mai,5.0,81db3ab44,2023-09-05 15:52:00,2023-09-05 16:03:00,2023-09-05 16:05:00,2023-09-05 16:33:00,23.62,5303810162
0e1f9,Dim Sum Delight,13122021,2,114,Dessert,Mango Pudding,3.5,eaeae26f5,2023-11-18 06:40:00,2023-11-18 06:53:00,2023-11-18 07:00:00,2023-11-18 07:19:00,19.35,4883482679
0e1f9,Dim Sum Delight,13122021,2,113,Chinese,Pork Siu Mai,5.0,570eb1738,2023-05-11 16:49:00,2023-05-11 17:01:00,2023-05-11 17:07:00,2023-05-11 17:33:00,30.72,9480970174
0e1f9,Dim Sum Delight,13122021,2,304,Chinese,Steamed BBQ Pork Buns,4.75,3c3dcc666,2023-05-19 12:02:00,2023-05-19 12:12:00,2023-05-19 12:15:00,2023-05-19 12:45:00,233.29,7364342607
0e1f9,Dim Sum Delight,13122021,2,113,Chinese,Pork Siu Mai,5.0,7882c5cb3,2023-04-11 09:04:00,2023-04-11 09:20:00,2023-04-11 09:23:00,2023-04-11 09:52:00,718.91,7925642471
0e1f9,Dim Sum Delight,13122021,2,113,Chinese,Pork Siu Mai,5.0,739fd8ee4,2023-02-20 22:32:00,2023-02-20 22:39:00,2023-02-20 22:41:00,2023-02-20 23:10:00,40.23,7971941761
0e1f9,Dim Sum Delight,13122021,2,138,Chinese,Shrimp Har Gow,5.5,d6a93756d,2023-03-23 08:55:00,2023-03-23 09:09:00,2023-03-23 09:19:00,2023-03-23 09:47:00,459.74,7526938580
0e1f9,Dim Sum Delight,13122021,2,138,Chinese,Shrimp Har Gow,5.5,7de631d0b,2023-08-02 11:07:00,2023-08-02 11:23:00,2023-08-02 11:27:00,2023-08-02 11:48:00,46.24,3265806258
0e1f9,Dim Sum Delight,13122021,2,113,Chinese,Pork Siu Mai,5.0,f1f92a5da,2023-05-31 22:13:00,2023-05-31 22:27:00,2023-05-31 22:37:00,2023-05-31 23:04:00,1430.01,5714065739
0e1f9,Dim Sum Delight,13122021,2,304,Chinese,Steamed BBQ Pork Buns,4.75,6ab5388c2,2023-08-20 06:45:00,2023-08-20 07:00:00,2023-08-20 07:02:00,2023-08-20 07:20:00,13.66,5465042979
0e1f9,Dim Sum Delight,13122021,2,304,Chinese,Steamed BBQ Pork Buns,4.75,af244de9d,2023-05-24 11:25:00,2023-05-24 11:39:00,2023-05-24 11:47:00,2023-05-24 12:17:00,20.9,8688983489
0e1f9,Dim Sum Delight,13122021,2,138,Chinese,Shrimp Har Gow,5.5,a4af77cef,2023-10-18 08:27:00,2023-10-18 08:37:00,2023-10-18 08:39:00,2023-10-18 08:50:00,35.43,2593078302
0e1f9,Dim Sum Delight,13122021,2,114,Dessert,Mango Pudding,3.5,c1733c510,2023-03-06 21:12:00,2023-03-06 21:31:00,2023-03-06 21:35:00,2023-03-06 21:51:00,11.61,8692053377
0e1f9,Dim Sum Delight,13122021,2,113,Chinese,Pork Siu Mai,5.0,f060f93ec,2023-11-07 06:13:00,2023-11-07 06:20:00,2023-11-07 06:27:00,2023-11-07 06:56:00,146.21,3431277877
0e1f9,Dim Sum Delight,13122021,2,304,Chinese,Steamed BBQ Pork Buns,4.75,a4c48889d,2023-04-13 14:45:00,2023-04-13 15:03:00,2023-04-13 15:06:00,2023-04-13 15:31:00,32.35,4717516422
0e1f9,Dim Sum Delight,13122021,2,138,Chinese,Shrimp Har Gow,5.5,7482e60cf,2023-04-17 18:40:00,2023-04-17 18:47:00,2023-04-17 18:49:00,2023-04-17 19:07:00,32.7,6601135380
0e1f9,Dim Sum Delight,13122021,2,304,Chinese,Steamed BBQ Pork Buns,4.75,be8ddf3e1,2023-09-13 09:15:00,2023-09-13 09:23:00,2023-09-13 09:30:00,2023-09-13 09:40:00,22.71,3050931395
0e1f9,Dim Sum Delight,13122021,2,113,Chinese,Pork Siu Mai,5.0,0a67c8d1a,2023-08-19 07:56:00,2023-08-19 08:07:00,2023-08-19 08:09:00,2023-08-19 08:36:00,29.27,6320141759
0e1f9,Dim Sum Delight,13122021,2,114,Dessert,Mango Pudding,3.5,b91039797,2023-07-11 18:01:00,2023-07-11 18:18:00,2023-07-11 18:26:00,2023-07-11 18:54:00,15.46,3422776613
0e1f9,Dim Sum Delight,13122021,2,138,Chinese,Shrimp Har Gow,5.5,1b50ff758,2023-04-27 22:13:00,2023-04-27 22:31:00,2023-04-27 22:34:00,2023-04-27 22:44:00,18.94,4393830116
0e1f9,Dim Sum Delight,13122021,2,113,Chinese,Pork Siu Mai,5.0,b7150ab26,2023-07-21 19:49:00,2023-07-21 20:02:00,2023-07-21 20:06:00,2023-07-21 20:28:00,26.4,4840793994
0e1f9,Dim Sum Delight,13122021,2,304,Chinese,Steamed BBQ Pork Buns,4.75,433ca1689,2023-05-06 19:47:00,2023-05-06 20:07:00,2023-05-06 20:11:00,2023-05-06 20:22:00,17.09,4966221286
0e1f9,Dim Sum Delight,13122021,2,113,Chinese,Pork Siu Mai,5.0,3c2706038,2023-08-03 17:34:00,2023-08-03 17:43:00,2023-08-03 17:46:00,2023-08-03 18:12:00,22.44,2428914787
0e1f9,Dim Sum Delight,13122021,2,114,Dessert,Mango Pudding,3.5,f8d3590e7,2023-12-11 11:45:00,2023-12-11 11:52:00,2023-12-11 12:01:00,2023-12-11 12:25:00,12.89,8945793722
0e1f9,Dim Sum Delight,13122021,2,304,Chinese,Steamed BBQ Pork Buns,4.75,16fe928da,2023-01-09 17:00:00,2023-01-09 17:10:00,2023-01-09 17:12:00,2023-01-09 17:40:00,41.18,7286886766
0e1f9,Dim Sum Delight,13122021,2,138,Chinese,Shrimp Har Gow,5.5,ad64a1bec,2023-03-16 08:24:00,2023-03-16 08:42:00,2023-03-16 08:49:00,2023-03-16 08:59:00,22.83,2034160120
0e1f9,Dim Sum Delight,13122021,2,304,Chinese,Steamed BBQ Pork Buns,4.75,18a4d0ea4,2023-04-30 18:21:00,2023-04-30 18:38:00,2023-04-30 18:46:00,2023-04-30 19:04:00,360.37,7177212818
0e1f9,Dim Sum Delight,13122021,2,113,Chinese,Pork Siu Mai,5.0,753233b43,2023-09-09 13:45:00,2023-09-09 14:03:00,2023-09-09 14:13:00,2023-09-09 14:35:00,1217.91,8051969899
0e1f9,Dim Sum Delight,13122021,2,114,Dessert,Mango Pudding,3.5,15a17450f,2023-11-02 06:58:00,2023-11-02 07:05:00,2023-11-02 07:09:00,2023-11-02 07:27:00,1649.66,1617211327
0e1f9,Dim Sum Delight,13122021,2,113,Chinese,Pork Siu Mai,5.0,efaf2ad07,2023-07-19 08:18:00,2023-07-19 08:38:00,2023-07-19 08:43:00,2023-07-19 09:07:00,21.18,2562049805
0e1f9,Dim Sum Delight,13122021,2,114,Dessert,Mango Pudding,3.5,0d39d6e58,2023-03-02 20:54:00,2023-03-02 21:14:00,2023-03-02 21:20:00,2023-03-02 21:45:00,36.82,7728811142
0e1f9,Dim Sum Delight,13122021,2,113,Chinese,Pork Siu Mai,5.0,f5c8e8272,2023-07-21 12:29:00,2023-07-21 12:45:00,2023-07-21 12:49:00,2023-07-21 13:19:00,23.85,4268281936
0e1f9,Dim Sum Delight,13122021,2,114,Dessert,Mango Pudding,3.5,ddf4f73a0,2023-10-14 21:27:00,2023-10-14 21:33:00,2023-10-14 21:40:00,2023-10-14 21:54:00,24.42,2484661517
0e1f9,Dim Sum Delight,13122021,2,114,Dessert,Mango Pudding,3.5,01281b863,2023-08-29 18:47:00,2023-08-29 18:58:00,2023-08-29 19:03:00,2023-08-29 19:20:00,32.13,2374969597
0e1f9,Dim Sum Delight,13122021,2,113,Chinese,Pork Siu Mai,5.0,5d9c47df0,2023-09-20 22:22:00,2023-09-20 22:28:00,2023-09-20 22:35:00,2023-09-20 22:47:00,773.04,4196277911
0e1f9,Dim Sum Delight,13122021,2,113,Chinese,Pork Siu Mai,5.0,ca160f2ae,2023-12-21 16:38:00,2023-12-21 16:54:00,2023-12-21 16:58:00,2023-12-21 17:13:00,38.04,3938232425
0e1f9,Dim Sum Delight,13122021,2,138,Chinese,Shrimp Har Gow,5.5,47d76ec2c,2023-10-12 10:46:00,2023-10-12 10:51:00,2023-10-12 10:57:00,2023-10-12 11:20:00,53.67,5259857403
0e1f9,Dim Sum Delight,13122021,2,138,Chinese,Shrimp Har Gow,5.5,42b9734f9,2023-01-14 16:51:00,2023-01-14 16:57:00,2023-01-14 17:01:00,2023-01-14 17:12:00,568.05,7793991861
0e1f9,Dim Sum Delight,13122021,2,304,Chinese,Steamed BBQ Pork Buns,4.75,33e245dda,2023-01-31 07:44:00,2023-01-31 07:54:00,2023-01-31 07:58:00,2023-01-31 08:23:00,26.32,5090066009
0e1f9,Dim Sum Delight,13122021,2,114,Dessert,Mango Pudding,3.5,988eecbd3,2023-06-07 16:33:00,2023-06-07 16:41:00,2023-06-07 16:51:00,2023-06-07 17:11:00,47.18,5539384508
0e1f9,Dim Sum Delight,13122021,2,304,Chinese,Steamed BBQ Pork Buns,4.75,d689d09b6,2023-02-27 08:58:00,2023-02-27 09:11:00,2023-02-27 09:20:00,2023-02-27 09:30:00,16.11,9944275758
0e1f9,Dim Sum Delight,13122021,2,304,Chinese,Steamed BBQ Pork Buns,4.75,d952e71fe,2023-11-30 11:42:00,2023-11-30 11:58:00,2023-11-30 12:03:00,2023-11-30 12:28:00,380.49,7517221960
0e1f9,Dim Sum Delight,13122021,2,114,Dessert,Mango Pudding,3.5,d1907b91d,2023-11-26 08:48:00,2023-11-26 08:56:00,2023-11-26 08:59:00,2023-11-26 09:12:00,17.6,9868751551
0e1f9,Dim Sum Delight,13122021,2,138,Chinese,Shrimp Har Gow,5.5,9daeeb944,2023-10-16 10:43:00,2023-10-16 10:56:00,2023-10-16 10:59:00,2023-10-16 11:18:00,556.18,3855310803
0e1f9,Dim Sum Delight,13122021,2,304,Chinese,Steamed BBQ Pork Buns,4.75,13223dd2b,2023-02-19 15:07:00,2023-02-19 15:18:00,2023-02-19 15:25:00,2023-02-19 15:50:00,24.09,9812175810
0e1f9,Dim Sum Delight,13122021,2,113,Chinese,Pork Siu Mai,5.0,32131f061,2023-02-02 17:57:00,2023-02-02 18:02:00,2023-02-02 18:09:00,2023-02-02 18:27:00,27.84,1066777436
0e1f9,Dim Sum Delight,13122021,2,304,Chinese,Steamed BBQ Pork Buns,4.75,d20a9363c,2023-04-01 08:37:00,2023-04-01 08:43:00,2023-04-01 08:47:00,2023-04-01 09:12:00,24.39,7244063541
0e1f9,Dim Sum Delight,13122021,2,114,Dessert,Mango Pudding,3.5,d5e19b362,2023-06-13 21:37:00,2023-06-13 21:57:00,2023-06-13 22:04:00,2023-06-13 22:25:00,21.94,4086599247
0e1f9,Dim Sum Delight,13122021,2,138,Chinese,Shrimp Har Gow,5.5,62b01c978,2023-02-25 06:25:00,2023-02-25 06:35:00,2023-02-25 06:44:00,2023-02-25 07:11:00,54.48,5739131937
0e1f9,Dim Sum Delight,13122021,2,113,Chinese,Pork Siu Mai,5.0,73cf7ecc6,2023-05-13 07:36:00,2023-05-13 07:54:00,2023-05-13 07:58:00,2023-05-13 08:14:00,12.2,1342376634
0e1f9,Dim Sum Delight,13122021,2,304,Chinese,Steamed BBQ Pork Buns,4.75,73cf7ecc6,2023-05-13 07:36:00,2023-05-13 07:54:00,2023-05-13 07:58:00,2023-05-13 08:14:00,12.2,1342376634
0e1f9,Dim Sum Delight,13122021,2,304,Chinese,Steamed BBQ Pork Buns,4.75,5df42fd32,2023-09-04 06:04:00,2023-09-04 06:22:00,2023-09-04 06:24:00,2023-09-04 06:44:00,30.97,3208722189
0e1f9,Dim Sum Delight,13122021,2,114,Dessert,Mango Pudding,3.5,475c05a7a,2023-12-25 07:20:00,2023-12-25 07:32:00,2023-12-25 07:38:00,2023-12-25 07:51:00,15.37,6684192319
0e1f9,Dim Sum Delight,13122021,2,114,Dessert,Mango Pudding,3.5,20f9ee7a2,2023-01-08 19:34:00,2023-01-08 19:42:00,2023-01-08 19:44:00,2023-01-08 20:00:00,15.51,7490193724
0e1f9,Dim Sum Delight,13122021,2,138,Chinese,Shrimp Har Gow,5.5,207025c60,2023-08-06 15:39:00,2023-08-06 15:50:00,2023-08-06 16:00:00,2023-08-06 16:20:00,20.28,5495112075
0e1f9,Dim Sum Delight,13122021,2,138,Chinese,Shrimp Har Gow,5.5,8d3b7aa1c,2023-10-13 12:17:00,2023-10-13 12:35:00,2023-10-13 12:43:00,2023-10-13 13:11:00,26.82,1477369693
